{
  "P@k": {
    "1": 0.9591836734693877,
    "5": 0.19591836734693874,
    "10": 0.09999999999999998
  },
  "R@k": {
    "1": 0.9591836734693877,
    "5": 0.9795918367346939,
    "10": 1.0
  },
  "MRR": 0.9672011661807579,
  "MAP": 0.9672011661807579
}