{
  "P@k": {
    "1": 0.9591836734693877,
    "5": 0.19183673469387752,
    "10": 0.09795918367346937
  },
  "R@k": {
    "1": 0.9591836734693877,
    "5": 0.9591836734693877,
    "10": 0.9795918367346939
  },
  "MRR": 0.9620991253644314,
  "MAP": 0.9620991253644314
}