{
  "P@k": {
    "1": 0.9591836734693877,
    "5": 0.19183673469387755,
    "10": 0.09591836734693877
  },
  "R@k": {
    "1": 0.9591836734693877,
    "5": 0.9591836734693877,
    "10": 0.9591836734693877
  },
  "MRR": 0.9591836734693877,
  "MAP": 0.9591836734693877
}