{
  "P@k": {
    "1": 0.9591836734693877,
    "5": 0.1959183673469388,
    "10": 0.0979591836734694
  },
  "R@k": {
    "1": 0.9591836734693877,
    "5": 0.9795918367346939,
    "10": 0.9795918367346939
  },
  "MRR": 0.9642857142857143,
  "MAP": 0.9642857142857143
}