{
  "P@k": {
    "1": 0.9591836734693877,
    "5": 0.19183673469387755,
    "10": 0.0979591836734694
  },
  "R@k": {
    "1": 0.9591836734693877,
    "5": 0.9591836734693877,
    "10": 0.9795918367346939
  },
  "MRR": 0.9620991253644314,
  "MAP": 0.9620991253644314
}